State Code,State Name,County Name,NETR County URL,GIS Map URL,Office Name,Office Type,Phone,Online Portal URL
DE,Delaware,Kent,https://publicrecords.netronline.com/state/DE/county/kent,https://map.netronline.com/delaware-kent/10001,Kent Recorder,Recorder / Clerk,(302) 744-2314,https://de.uslandrecords.com/delr/DelrApp/index.jsp
DE,Delaware,Kent,https://publicrecords.netronline.com/state/DE/county/kent,https://map.netronline.com/delaware-kent/10001,Kent Mapping / GIS,GIS / Mapping,,https://experience.arcgis.com/experience/54c688254df542409fbf81a5dd5d8291
DE,Delaware,Kent,https://publicrecords.netronline.com/state/DE/county/kent,https://map.netronline.com/delaware-kent/10001,City of Dover Tax,Tax Collector / Treasurer,(302) 736-7022,https://selfservice.dover.de.us/css/citizens/RealEstate/Default.aspx?mode=new
DE,Delaware,Kent,https://publicrecords.netronline.com/state/DE/county/kent,https://map.netronline.com/delaware-kent/10001,City of Milford Tax,Tax Collector / Treasurer,(302) 422-6616,https://cityofmilfordde.tylerportico.com/css/citizen-selfservice/real-estate/search
DE,Delaware,Kent,https://publicrecords.netronline.com/state/DE/county/kent,https://map.netronline.com/delaware-kent/10001,Historic Aerials,Other,,https://www.historicaerials.com/
DE,Delaware,Kent,https://publicrecords.netronline.com/state/DE/county/kent,https://map.netronline.com/delaware-kent/10001,Kent Tax Office/Treasurer,Tax Collector / Treasurer,(302) 744-2341,https://pride.kentcountyde.gov/
DE,Delaware,Kent,https://publicrecords.netronline.com/state/DE/county/kent,https://map.netronline.com/delaware-kent/10001,Kent Assessor,Assessor / Appraiser,(302) 744-2401,https://pride.kentcountyde.gov/disclosure/
DE,Delaware,Kent,https://publicrecords.netronline.com/state/DE/county/kent,https://map.netronline.com/delaware-kent/10001,Kent NETR Mapping and GIS,GIS / Mapping,,https://map.netronline.com/delaware-kent/10001
DE,Delaware,New Castle,https://publicrecords.netronline.com/state/DE/county/new_castle,https://map.netronline.com/delaware-new_castle/10003,New Castle Department of Land Use,Other,(302) 395-5400,https://www3.newcastlede.gov/parcel/search/
DE,Delaware,New Castle,https://publicrecords.netronline.com/state/DE/county/new_castle,https://map.netronline.com/delaware-new_castle/10003,New Castle Recorder,Recorder / Clerk,(302) 395-7700,https://www.newcastlede.gov/144/Document-Search
DE,Delaware,New Castle,https://publicrecords.netronline.com/state/DE/county/new_castle,https://map.netronline.com/delaware-new_castle/10003,New Castle Treasurer,Tax Collector / Treasurer,(302) 395-5340,https://www3.newcastlede.gov/parcel/search/
DE,Delaware,New Castle,https://publicrecords.netronline.com/state/DE/county/new_castle,https://map.netronline.com/delaware-new_castle/10003,City of Wilmington Tax,Tax Collector / Treasurer,(302) 571-4320,https://www.wilmingtonde.gov/residents/online-payments
DE,Delaware,New Castle,https://publicrecords.netronline.com/state/DE/county/new_castle,https://map.netronline.com/delaware-new_castle/10003,New Castle Mapping / GIS,GIS / Mapping,,https://www3.newcastlede.gov/parcel/search/
DE,Delaware,New Castle,https://publicrecords.netronline.com/state/DE/county/new_castle,https://map.netronline.com/delaware-new_castle/10003,Town of Middletown Tax,Tax Collector / Treasurer,(302) 378-2711,https://wipp.edmundsassoc.com/Wipp/?wippid=23
DE,Delaware,New Castle,https://publicrecords.netronline.com/state/DE/county/new_castle,https://map.netronline.com/delaware-new_castle/10003,City of Newark Tax,Tax Collector / Treasurer,(302) 366-7000,https://newarkde.gov/134/Property-Taxes
DE,Delaware,New Castle,https://publicrecords.netronline.com/state/DE/county/new_castle,https://map.netronline.com/delaware-new_castle/10003,Historic Aerials,Other,,https://www.historicaerials.com/
DE,Delaware,New Castle,https://publicrecords.netronline.com/state/DE/county/new_castle,https://map.netronline.com/delaware-new_castle/10003,New Castle NETR Mapping and GIS,GIS / Mapping,,https://map.netronline.com/delaware-new_castle/10003
DE,Delaware,Sussex,https://publicrecords.netronline.com/state/DE/county/sussex,https://map.netronline.com/delaware-sussex/10005,Sussex Register of Deeds,Recorder / Clerk,(302) 855-7785,https://deeds.sussexcountyde.gov/LandmarkWeb
DE,Delaware,Sussex,https://publicrecords.netronline.com/state/DE/county/sussex,https://map.netronline.com/delaware-sussex/10005,Sussex Mapping / GIS,GIS / Mapping,(302) 855-1176,https://sussexcountyde.gov/sussex-county-mapping-applications
DE,Delaware,Sussex,https://publicrecords.netronline.com/state/DE/county/sussex,https://map.netronline.com/delaware-sussex/10005,Sussex Assessor,Assessor / Appraiser,(302) 855-7753,https://property.sussexcountyde.gov/PT/forms/htmlframe.aspx?mode=content/home.htm
DE,Delaware,Sussex,https://publicrecords.netronline.com/state/DE/county/sussex,https://map.netronline.com/delaware-sussex/10005,City of Seaford Tax,Tax Collector / Treasurer,(302) 629-9173,https://wipp.edmundsassoc.com/Wipp/?wippid=SFRD
DE,Delaware,Sussex,https://publicrecords.netronline.com/state/DE/county/sussex,https://map.netronline.com/delaware-sussex/10005,Town of Ocean View Tax,Tax Collector / Treasurer,(302) 539-9797,https://wipp.edmundsassoc.com/Wipp/?wippid=OCVW
DE,Delaware,Sussex,https://publicrecords.netronline.com/state/DE/county/sussex,https://map.netronline.com/delaware-sussex/10005,Historic Aerials,Other,,https://www.historicaerials.com/
DE,Delaware,Sussex,https://publicrecords.netronline.com/state/DE/county/sussex,https://map.netronline.com/delaware-sussex/10005,Sussex Treasurer,Tax Collector / Treasurer,(302) 855-7871,https://sussexcountyde.munisselfservice.com/css/citizens/RealEstate/Default.aspx?mode=new
DE,Delaware,Sussex,https://publicrecords.netronline.com/state/DE/county/sussex,https://map.netronline.com/delaware-sussex/10005,Sussex NETR Mapping and GIS,GIS / Mapping,,https://map.netronline.com/delaware-sussex/10005
